ms,tl,tr,bl,br
234378,156,151,161,147
234400,155,150,161,147
234422,154,150,160,146
234444,154,149,159,145
234466,153,148,158,145
234488,152,148,157,145
234510,153,148,157,145
234532,154,149,159,145
234554,153,148,158,145
234576,153,149,159,145
234598,153,149,159,145
234620,153,149,159,145
234642,154,149,160,145
234664,153,149,160,145
234686,153,150,160,145
234708,154,149,160,146
234730,154,150,161,145
234752,155,150,161,146
234774,155,150,161,146
234796,154,150,161,146
234818,154,149,161,146
234840,154,150,161,146
234862,154,149,160,145
234884,154,149,160,145
234906,153,149,160,145
234928,153,149,160,145
234950,153,149,160,145
234972,153,149,159,145
234994,153,148,160,145
235016,153,149,160,145
235038,153,148,160,145
235060,153,148,160,145
235082,153,149,160,145
235104,153,149,160,145
235126,154,149,160,145
235148,154,149,160,146
235170,153,149,160,145
235192,153,148,160,145
235214,153,149,160,145
235236,154,149,160,145
235258,154,149,160,146
235280,153,149,160,146
235302,153,149,160,145
235324,153,149,160,145
235346,154,149,160,146
235368,156,151,162,147
235390,150,146,156,144
235412,153,149,160,145
235434,151,147,157,144
235456,151,147,157,143
235478,153,149,160,145
235500,153,149,160,145
235522,154,150,161,147
235544,157,153,164,150
235566,162,157,170,155
235588,165,159,171,156
235610,164,160,171,156
235632,166,160,172,158
235654,166,160,171,157
235676,167,162,173,159
235698,168,162,173,159
235720,168,162,174,159
235742,169,163,174,160
235764,170,164,176,161
235786,173,166,178,163
235808,173,166,179,164
235830,175,169,181,166
235852,178,171,184,170
235874,178,171,184,171
235896,177,171,183,170
235918,175,168,181,166
235940,173,167,178,165
235962,171,166,177,164
235984,171,165,177,163
236006,169,163,175,162
236028,170,164,175,162
236050,168,162,174,161
236072,169,162,173,160
236094,169,163,174,161
236116,168,162,174,161
236138,169,162,174,162
236160,170,163,175,162
236182,170,164,176,163
236204,171,164,176,163
236226,171,165,177,164
236248,171,164,177,164
236270,170,164,175,162
236292,169,164,175,162
236314,169,164,174,161
236336,169,163,174,161
236358,169,163,174,161
236380,169,163,174,162
236402,169,163,176,162
236424,170,164,175,162
236446,170,163,175,162
236468,169,163,174,162
236490,169,163,174,162
236512,169,163,174,161
236534,169,163,174,161
236556,168,163,173,161
236578,168,162,173,160
236600,168,162,173,160
236622,168,162,173,160
236644,168,161,173,160
236666,167,160,172,159
236688,168,161,172,159
236710,168,162,172,159
236732,168,161,173,160
236754,168,160,172,160
236776,168,161,172,159
236798,168,160,172,160
236820,168,161,172,159
236842,167,160,172,158
236864,167,160,171,158
236886,167,160,172,158
236908,167,159,172,159
236930,167,159,172,159
236952,167,159,172,160
236974,167,159,172,159
236996,168,159,172,159
237018,167,159,172,159
237040,167,160,172,159
237062,167,159,172,159
237084,167,160,172,158
237106,167,162,171,158
237128,167,160,171,158
237150,167,160,171,158
237172,167,161,171,159
237194,167,160,172,159
237216,167,160,172,158
237238,167,160,171,158
237260,166,159,172,158
237282,165,159,170,156
237304,165,159,171,156
237326,165,159,171,156
237348,165,158,171,156
237370,163,158,171,156
237392,164,158,171,157
237414,164,158,170,156
237436,164,158,170,155
237458,164,158,170,155
237480,163,157,170,155
237502,163,157,169,155
237524,163,157,170,155
237546,163,157,169,155
237568,162,156,169,154
237590,163,157,169,154
237612,163,156,169,154
237634,163,156,169,155
237656,163,157,168,154
237678,162,156,169,154
237700,162,157,168,154
237722,162,156,168,153
237744,162,156,168,153
237766,161,155,168,153
237788,162,155,169,153
237810,161,155,168,153
237832,162,156,168,153
237854,162,156,168,153
237876,162,156,168,154
237898,162,156,168,153
237920,162,156,168,154
237942,162,156,168,154
237964,162,156,168,153
237986,162,156,168,153
238008,162,156,168,154
238030,162,156,168,154
238052,163,156,169,154
238074,163,157,169,155
238096,163,157,169,154
238118,163,157,169,155
238140,163,157,169,155
238162,163,157,169,155
238184,162,156,168,154
238206,162,157,168,155
238228,163,157,168,154
238250,162,156,168,154
238272,162,156,168,155
238294,163,157,168,155
238316,163,157,168,155
238338,163,157,167,154
238360,163,157,167,154
238382,163,157,167,154
238404,163,157,168,154
238426,163,157,168,155
238448,163,157,169,155
238470,163,157,170,155
238492,163,157,170,155
238514,164,157,170,155
238536,164,158,170,155
238558,163,158,170,154
238580,164,159,170,156
238602,164,157,170,155
238624,163,158,170,155
238646,163,157,170,155
238668,164,157,170,156
238690,164,157,170,155
238712,164,158,170,156
238734,164,158,170,156
238756,165,158,171,156
238778,165,158,171,156
238800,164,158,171,156
238822,164,158,170,156
238844,164,158,170,156
238866,164,158,170,156
238888,164,158,170,156
238910,164,158,170,156
238932,164,159,170,156
238954,165,158,170,156
238976,165,158,171,156
238998,165,158,170,156
239020,165,158,170,155
239042,164,158,170,156
239064,164,158,170,156
239086,165,158,171,156
239108,165,158,170,156
239130,164,158,171,156
239152,164,158,171,156
239174,165,158,171,156
239196,165,158,170,156
239218,165,159,170,156
239240,165,158,171,156
239262,164,158,171,155
239284,164,158,170,156
239306,164,157,170,156
239328,163,157,170,155
239350,163,158,171,155
239372,163,157,170,155
239394,163,157,170,155
